{"cameraMode":{"drawMode":0,"name":"Shaded","section":"Shading Mode"},"sceneLighting":false,"audioPlay":false,"sceneViewState":{"showFog":true,"showMaterialUpdate":false,"showSkybox":false,"showFlares":true,"showImageEffects":true,"showParticleSystems":true},"in2DMode":false,"pivot":{"x":3.4376277923583986,"y":0.6417908072471619,"z":-5.076932907104492},"rotation":{"x":0.1509772539138794,"y":0.5605947375297546,"z":-0.10476253926753998,"w":0.8074765205383301},"size":0.8824533224105835,"orthographic":false}