{"cameraMode":{"drawMode":0,"name":"Shaded","section":"Shading Mode"},"sceneLighting":false,"audioPlay":false,"sceneViewState":{"showFog":true,"showMaterialUpdate":false,"showSkybox":false,"showFlares":true,"showImageEffects":true,"showParticleSystems":true},"in2DMode":false,"pivot":{"x":2.700620174407959,"y":0.49608153104782107,"z":-3.42564058303833},"rotation":{"x":0.056098390370607379,"y":0.9168393015861511,"z":-0.13884450495243073,"w":0.37019702792167666},"size":1.1062840223312379,"orthographic":false}