{"cameraMode":{"drawMode":0,"name":"Shaded","section":"Shading Mode"},"sceneLighting":false,"audioPlay":false,"sceneViewState":{"showFog":true,"showMaterialUpdate":false,"showSkybox":false,"showFlares":true,"showImageEffects":true,"showParticleSystems":true},"in2DMode":false,"pivot":{"x":3.4376256465911867,"y":0.6417906284332275,"z":-2.6184844970703127},"rotation":{"x":-0.12025266140699387,"y":0.3838682174682617,"z":-0.05053885653614998,"w":-0.9141637086868286},"size":1.1062840223312379,"orthographic":false}