{"cameraMode":{"drawMode":0,"name":"Shaded","section":"Shading Mode"},"sceneLighting":false,"audioPlay":false,"sceneViewState":{"showFog":true,"showMaterialUpdate":false,"showSkybox":false,"showFlares":true,"showImageEffects":true,"showParticleSystems":true},"in2DMode":false,"pivot":{"x":-5.960464477539063e-8,"y":0.11964752525091171,"z":-6.109476089477539e-7},"rotation":{"x":0.16462165117263795,"y":0.8329628705978394,"z":-0.33687126636505129,"w":0.4070897400379181},"size":0.16427171230316163,"orthographic":false}