{"cameraMode":{"drawMode":0,"name":"Shaded","section":"Shading Mode"},"sceneLighting":false,"audioPlay":false,"sceneViewState":{"showFog":true,"showMaterialUpdate":false,"showSkybox":false,"showFlares":true,"showImageEffects":true,"showParticleSystems":true},"in2DMode":false,"pivot":{"x":-3.725290298461914e-8,"y":0.11788985133171082,"z":-6.109476089477539e-7},"rotation":{"x":0.07501211017370224,"y":-0.792860746383667,"z":0.5965041518211365,"w":0.09969880431890488},"size":0.15354283154010774,"orthographic":false}