{"cameraMode":{"drawMode":0,"name":"Shaded","section":"Shading Mode"},"sceneLighting":false,"audioPlay":false,"sceneViewState":{"showFog":true,"showMaterialUpdate":false,"showSkybox":false,"showFlares":true,"showImageEffects":true,"showParticleSystems":true},"in2DMode":false,"pivot":{"x":3.560551166534424,"y":2.643777370452881,"z":-3.9967594146728517},"rotation":{"x":0.07931434363126755,"y":0.8664892315864563,"z":-0.14587466418743134,"w":0.4708424508571625},"size":0.9466820955276489,"orthographic":false}