{"cameraMode":{"drawMode":0,"name":"Shaded","section":"Shading Mode"},"sceneLighting":false,"audioPlay":false,"sceneViewState":{"showFog":true,"showMaterialUpdate":false,"showSkybox":false,"showFlares":true,"showImageEffects":true,"showParticleSystems":true},"in2DMode":false,"pivot":{"x":3.4376261234283449,"y":0.6417906284332275,"z":-3.9956274032592775},"rotation":{"x":0.09948810189962387,"y":-0.6507595777511597,"z":0.08664275705814362,"w":0.7477712035179138},"size":1.106284260749817,"orthographic":false}