{"cameraMode":{"drawMode":0,"name":"Shaded","section":"Shading Mode"},"sceneLighting":false,"audioPlay":false,"sceneViewState":{"showFog":true,"showMaterialUpdate":false,"showSkybox":false,"showFlares":true,"showImageEffects":true,"showParticleSystems":true},"in2DMode":false,"pivot":{"x":-5.960464477539063e-8,"y":0.11964752525091171,"z":-6.109476089477539e-7},"rotation":{"x":0.00333164120092988,"y":0.9966654777526856,"z":-0.06468232721090317,"w":0.05095020309090614},"size":0.16427171230316163,"orthographic":false}