{"cameraMode":{"drawMode":0,"name":"Shaded","section":"Shading Mode"},"sceneLighting":false,"audioPlay":false,"sceneViewState":{"showFog":true,"showMaterialUpdate":false,"showSkybox":false,"showFlares":true,"showImageEffects":true,"showParticleSystems":true},"in2DMode":false,"pivot":{"x":3.4376261234283449,"y":0.6417906284332275,"z":-3.9956274032592775},"rotation":{"x":0.15479879081249238,"y":0.5299273729324341,"z":-0.0990285649895668,"w":0.8279262781143189},"size":1.106284260749817,"orthographic":false}