{"cameraMode":{"drawMode":0,"name":"Shaded","section":"Shading Mode"},"sceneLighting":false,"audioPlay":false,"sceneViewState":{"showFog":true,"showMaterialUpdate":false,"showSkybox":false,"showFlares":true,"showImageEffects":true,"showParticleSystems":true},"in2DMode":false,"pivot":{"x":3.205460786819458,"y":1.000241756439209,"z":6.3229899406433109},"rotation":{"x":-0.14862506091594697,"y":0.36711183190345766,"z":-0.059581127017736438,"w":-0.9163271188735962},"size":1.491568922996521,"orthographic":false}