{"cameraMode":{"drawMode":0,"name":"Shaded","section":"Shading Mode"},"sceneLighting":false,"audioPlay":false,"sceneViewState":{"showFog":true,"showMaterialUpdate":false,"showSkybox":false,"showFlares":true,"showImageEffects":true,"showParticleSystems":true},"in2DMode":false,"pivot":{"x":0.10577823221683502,"y":0.02613198757171631,"z":0.07181516289710999},"rotation":{"x":-0.009173172526061535,"y":-0.9442196488380432,"z":0.3281732201576233,"w":-0.026350384578108789},"size":0.2852979898452759,"orthographic":false}