{"cameraMode":{"drawMode":0,"name":"Shaded","section":"Shading Mode"},"sceneLighting":false,"audioPlay":false,"sceneViewState":{"showFog":true,"showMaterialUpdate":false,"showSkybox":true,"showFlares":true,"showImageEffects":true,"showParticleSystems":true},"in2DMode":false,"pivot":{"x":0.0,"y":-0.7699999809265137,"z":-3.2200000286102297},"rotation":{"x":0.17161701619625092,"y":-0.38661763072013857,"z":0.07355690747499466,"w":0.9031935930252075},"size":2.8606598377227785,"orthographic":false}