{"cameraMode":{"drawMode":0,"name":"Shaded","section":"Shading Mode"},"sceneLighting":true,"audioPlay":false,"sceneViewState":{"showFog":true,"showMaterialUpdate":false,"showSkybox":true,"showFlares":true,"showImageEffects":true,"showParticleSystems":true},"in2DMode":false,"pivot":{"x":-2.9068474769592287,"y":-0.4941188395023346,"z":-1.9700000286102296},"rotation":{"x":-0.09765957295894623,"y":0.5976581573486328,"z":-0.07380013167858124,"w":-0.7923744320869446},"size":0.2800799012184143,"orthographic":false}