{"cameraMode":{"drawMode":0,"name":"Shaded","section":"Shading Mode"},"sceneLighting":false,"audioPlay":false,"sceneViewState":{"showFog":true,"showMaterialUpdate":false,"showSkybox":false,"showFlares":true,"showImageEffects":true,"showParticleSystems":true},"in2DMode":false,"pivot":{"x":-5.960464477539063e-8,"y":0.11964752525091171,"z":-6.109476089477539e-7},"rotation":{"x":-0.1905888020992279,"y":0.8049562573432922,"z":-0.3467850089073181,"w":-0.442259281873703},"size":0.16427171230316163,"orthographic":false}