{"cameraMode":{"drawMode":0,"name":"Shaded","section":"Shading Mode"},"sceneLighting":false,"audioPlay":false,"sceneViewState":{"showFog":true,"showMaterialUpdate":false,"showSkybox":false,"showFlares":true,"showImageEffects":true,"showParticleSystems":true},"in2DMode":false,"pivot":{"x":-0.0816565454006195,"y":-0.6851166486740112,"z":-2.450582504272461},"rotation":{"x":-0.11135510355234146,"y":0.07418891787528992,"z":-0.008334913291037083,"w":-0.9909900426864624},"size":0.2288571000099182,"orthographic":false}