{"cameraMode":{"drawMode":0,"name":"Shaded","section":"Shading Mode"},"sceneLighting":false,"audioPlay":false,"sceneViewState":{"showFog":true,"showMaterialUpdate":false,"showSkybox":false,"showFlares":true,"showImageEffects":true,"showParticleSystems":true},"in2DMode":false,"pivot":{"x":3.5605521202087404,"y":2.6437771320343019,"z":-2.619617462158203},"rotation":{"x":0.0885869488120079,"y":0.6887604594230652,"z":-0.08533300459384918,"w":0.7145254015922546},"size":0.9466811418533325,"orthographic":false}