{"cameraMode":{"drawMode":0,"name":"Shaded","section":"Shading Mode"},"sceneLighting":false,"audioPlay":false,"sceneViewState":{"showFog":true,"showMaterialUpdate":false,"showSkybox":false,"showFlares":true,"showImageEffects":true,"showParticleSystems":true},"in2DMode":false,"pivot":{"x":0.5943872928619385,"y":1.008884072303772,"z":6.3371758460998539},"rotation":{"x":-0.07280772924423218,"y":0.8588203191757202,"z":-0.12745235860347749,"w":-0.4908647835254669},"size":1.3330289125442505,"orthographic":false}