{"cameraMode":{"drawMode":0,"name":"Shaded","section":"Shading Mode"},"sceneLighting":false,"audioPlay":false,"sceneViewState":{"showFog":true,"showMaterialUpdate":false,"showSkybox":false,"showFlares":true,"showImageEffects":true,"showParticleSystems":true},"in2DMode":false,"pivot":{"x":6.904956817626953,"y":0.7419391870498657,"z":5.488763809204102},"rotation":{"x":-0.034743644297122958,"y":0.7593403458595276,"z":0.040904946625232699,"w":0.648586630821228},"size":0.9624850153923035,"orthographic":false}