{"cameraMode":{"drawMode":0,"name":"Shaded","section":"Shading Mode"},"sceneLighting":true,"audioPlay":false,"sceneViewState":{"showFog":true,"showMaterialUpdate":false,"showSkybox":true,"showFlares":true,"showImageEffects":true,"showParticleSystems":true},"in2DMode":false,"pivot":{"x":-3.3299999237060549,"y":-0.6980000138282776,"z":-0.9481020569801331},"rotation":{"x":-0.11738409101963043,"y":0.8581240773200989,"z":-0.2262352555990219,"w":-0.4457562565803528},"size":0.3999853730201721,"orthographic":false}